{ 
    "DaHeng1280_1024" : {
        "Prime6mm" : {
            "Intrinsic" : {
                "rows" : 3,
                "cols" : 3,
                "channel" : 1,
                "data" : [1.54745186e+03, 0,              6.25918192e+02,
                          0,              1.54660618e+03, 5.28908183e+02,
                          0,              0,              1.0000         ]
            },
            "Distortion" : {
                "rows" : 5,
                "cols" : 1,
                "channel" : 1,
                "data" : [-0.23743814, 0.31555458, -0.00249086, 0.00080641, -0.18187476]
            }

        },
        "Prime8mm" : {
            "Intrinsic" : {
                "rows" : 3,
                "cols" : 3,
                "channel" : 1,
                "data" : [2.23414119e+03, 0,              6.27503234e+02,
                          0,              2.23497888e+03, 5.75622670e+02,
                          0,              0,              1.0000         ]
            },
            "Distortion" : {
                "rows" : 5,
                "cols" : 1,
                "channel" : 1,
                "data" : [-1.75255451e-01, 6.56922063e-01, 5.39668773e-04, 4.67194838e-04, -3.89638251e+00]
            }

        },
        "Prime16mm" : {
            "Intrinsic" : {
                "rows" : 3,
                "cols" : 3,
                "channel" : 1,
                "data" : [3.86751326e+03, 0,              7.34901027e+02,
                          0,              3.87455671e+03, 5.06021753e+02,
                          0,              0,              1.0000]
            },
            "Distortion" : {
                "rows" : 5,
                "cols" : 1,
                "channel" : 1,
                "data" : [ -1.52236326e-01, -5.72495953e+00,  1.03984586e-03,  1.42314074e-03, 8.91331280e+01]
            }

        },
        "Prime25mm" : {
            "Intrinsic" : {
                "rows" : 3,
                "cols" : 3,
                "channel" : 1,
                "data" : [7.45613551e+03, 0,              5.40886285e+02,
                          0,              7.51943122e+03, 6.89621948e+02,
                          0,              0,              1.0000]
            },
            "Distortion" : {
                "rows" : 5,
                "cols" : 1,
                "channel" : 1,
                "data" : [ 5.51460282e-02, -1.82874881e+01,  1.57749725e-02,  2.26647788e-02, -5.80890382e+01]
            }

        }

    },
    "DaHeng1440_1080" : {
        "Prime6mm" : {
            "Intrinsic" : {
                "rows" : 3,
                "cols" : 3,
                "channel" : 1,
                "data" : [1.78879986e+03, 0,              7.67647820e+02,
                          0,              1.78763411e+03, 5.60507913e+02, 
                          0,              0,              1.0000         ]
            },
            "Distortion" : {
                "rows" : 5,
                "cols" : 1,
                "channel" : 1,
                "data" : [-1.91045638e-01, -1.17635220e-01, 7.86411500e-05, -3.94752746e-04, 7.29838062e-01]
            }
        },
        "Prime25mm" : {
            "Intrinsic" : {
                "rows" : 3,
                "cols" : 3,
                "channel" : 1,
                "data" : [7.34607770e+03, 0,              7.27277918e+02,
                          0,              7.34993290e+03, 5.76530270e+02, 
                          0,              0,              1.0000         ]
            },
            "Distortion" : {
                "rows" : 5,
                "cols" : 1,
                "channel" : 1,
                "data" : [-1.25622063e-01, 1.33891269e+00, 1.23767358e-03, -3.85925548e-04, 5.02689157e-02]
            }
        }
    },

    "DaHeng720_540" : {
        "Prime6mm" : {
            "Intrinsic" : {
                "rows" : 3,
                "cols" : 3,
                "channel" : 1,
                "data" : [
                    9.28130989e+02,               0, 3.77572945e+02,
                    0,               9.30138391e+02, 2.83892859e+02,
                    0,               0,              1.0000         ]
            },
            "Distortion" : {
                "rows" : 5,
                "cols" : 1,
                "channel" : 1,
                "data" : [-2.54433647e-01, 5.69431382e-01, 3.65405229e-03, -1.09433818e-03, -1.33846840e+00]
            }
        },
        "Prime25mm" : {
            "Intrinsic" : {
                "rows" : 3,
                "cols" : 3,
                "channel" : 1,
                "data" : [
                    2.89507005e+03,  0,              2.79353828e+02,
                    0,               2.89405104e+03, 2.75018762e+02,
                    0,               0,              1.0000        ]
            },
            "Distortion" : {
                "rows" : 5,
                "cols" : 1,
                "channel" : 1,
                "data" : [-9.26563356e-02, -5.86846065e-02,  2.45345625e-03, -2.41055156e-04, -1.51303474e+02]
            }
        }
    },

    "DaHeng1920_1200" : {
        "Prime50mm" : {
            "Intrinsic" : {
                "rows" : 3,
                "cols" : 3,
                "channel" : 1,
                "data" : [
                    8.59987146e+03, 0.0,            1.03189824e+03,
                    0,              8.61088116e+03, 7.17753620e+02,
                    0,              0,              1.0            ]
            },
            "Distortion" : {
                "rows" : 5,
                "cols" : 1,
                "channel" : 1,
                "data" : [3.11557284e-01, -1.81729603e+01, 1.73844218e-03, 1.85548081e-03, -1.53894864e-01]
            }
        },
        "Prime35mm" : {
            "Intrinsic" : {
                "rows" : 3,
                "cols" : 3,
                "channel" : 1,
                "data" : [
                    5.77414384e+03, 0.0,            9.62235493e+02,
                    0,              5.80500932e+03, 5.98698093e+02,
                    0,              0,              1.0            ]
            },
            "Distortion" : {
                "rows" : 5,
                "cols" : 1,
                "channel" : 1,
                "data" : [-1.67324794e-01, -1.20579187e+00, -7.10291771e-03, 3.75072176e-04, -1.03013344e+01]
            }
        }

    }
    
}